{"area": "Albania", "stats": {"Year": {"count": 31.0, "mean": 2005.0, "std": 9.092121131323903, "min": 1990.0, "25%": 1997.5, "50%": 2005.0, "75%": 2012.5, "max": 2020.0}, "Savanna fires": {"count": 31.0, "mean": 5.479451612903226, "std": 9.12294029012836, "min": 0.0, "25%": 1.407, "50%": 2.5732, "75%": 5.5561, "max": 48.5872}, "Forest fires": {"count": 31.0, "mean": 6.920467741935485, "std": 14.842084009832469, "min": 0.0, "25%": 0.0, "50%": 1.3002, "75%": 7.0253, "max": 77.5332}, "Crop Residues": {"count": 31.0, "mean": 37.33208064516129, "std": 5.802752364434161, "min": 29.9373, "25%": 32.435, "50%": 37.9949, "75%": 39.794349999999994, "max": 59.2391}, "Rice Cultivation": {"count": 31.0, "mean": 208.64401029180473, "std": 101.64150860633475, "min": 0.0, "25%": 248.06149701135485, "50%": 248.06149701135485, "75%": 265.0979164345904, "max": 283.1808479179501}, "Drained organic soils (CO2)": {"count": 31.0, "mean": 109.79653548387097, "std": 1.3138622455819295, "min": 105.631, "25%": 109.46585, "50%": 110.4274, "75%": 110.5705, "max": 110.5705}, "Pesticides Manufacturing": {"count": 31.0, "mean": 4.808636959487754, "std": 7.215452308158414, "min": 0.0, "25%": 2.0, "50%": 4.0, "75%": 5.0, "max": 42.06774574412039}, "Food Transport": {"count": 31.0, "mean": 199.83913225806452, "std": 98.66514191548228, "min": 40.5272, "25%": 79.17429999999999, "50%": 226.6981, "75%": 278.45785, "max": 308.5878}, "Forestland": {"count": 31.0, "mean": -583.7640290322585, "std": 575.6644983477408, "min": -1233.2859, "25%": -1233.2859, "50%": -352.0139, "75%": 72.8581, "max": 72.8581}, "Net Forest conversion": {"count": 31.0, "mean": 0.0, "std": 0.0, "min": 0.0, "25%": 0.0, "50%": 0.0, "75%": 0.0, "max": 0.0}, "Food Household Consumption": {"count": 31.0, "mean": 84.63237419354839, "std": 56.5381716320338, "min": 7.9077, "25%": 17.04255, "50%": 93.955, "75%": 134.0738, "max": 165.3729}, "Food Retail": {"count": 31.0, "mean": 57.00101935483872, "std": 57.39583493412752, "min": 2.7448, "25%": 7.6503499999999995, "50%": 45.4328, "75%": 81.27995, "max": 186.3487}, "On-farm Electricity Use": {"count": 31.0, "mean": 4.693187096774193, "std": 8.705239181234171, "min": 0.1336, "25%": 0.8217, "50%": 1.2721, "75%": 4.36145, "max": 45.2103}, "Food Packaging": {"count": 31.0, "mean": 20.370832258064514, "std": 13.803209426636668, "min": 2.85, "25%": 9.79, "50%": 16.9902, "75%": 27.86075, "max": 57.0829}, "Agrifood Systems Waste Disposal": {"count": 31.0, "mean": 572.357435483871, "std": 105.7146100849154, "min": 443.8552, "25%": 475.2532, "50%": 554.8915, "75%": 664.0789, "max": 764.3784}, "Food Processing": {"count": 31.0, "mean": 90.4615876651119, "std": 46.130765462299486, "min": 0.6125, "25%": 68.3168, "50%": 100.8493, "75%": 131.56912352369383, "max": 141.9204}, "Fertilizers Manufacturing": {"count": 31.0, "mean": 784.2256209817499, "std": 944.894124762977, "min": 356.4910168671663, "25%": 377.4078995531106, "50%": 377.4078995531106, "75%": 377.4078995531106, "max": 2903.861148947865}, "IPPU": {"count": 31.0, "mean": 725.5695935483869, "std": 475.55366894577236, "min": 160.1936, "25%": 255.5075, "50%": 628.6596, "75%": 1256.578, "max": 1416.2855}, "Manure applied to Soils": {"count": 31.0, "mean": 216.67523548387095, "std": 25.039345726856208, "min": 162.2118, "25%": 199.305, "50%": 207.7, "75%": 235.4336, "max": 267.2151}, "Manure left on Pasture": {"count": 31.0, "mean": 385.88125161290316, "std": 58.50079849865796, "min": 294.4972, "25%": 344.1363, "50%": 379.7148, "75%": 412.59434999999996, "max": 546.7428}, "Manure Management": {"count": 31.0, "mean": 522.2615612903227, "std": 62.04273948561414, "min": 399.1576, "25%": 479.48945000000003, "50%": 491.2409, "75%": 572.6195, "max": 639.6531}, "Fires in organic soils": {"count": 31.0, "mean": 0.0, "std": 0.0, "min": 0.0, "25%": 0.0, "50%": 0.0, "75%": 0.0, "max": 0.0}, "Fires in humid tropical forests": {"count": 31.0, "mean": 0.0, "std": 0.0, "min": 0.0, "25%": 0.0, "50%": 0.0, "75%": 0.0, "max": 0.0}, "On-farm energy use": {"count": 31.0, "mean": 243.14705483870972, "std": 82.64049107274973, "min": 78.2231, "25%": 179.16055, "50%": 256.966, "75%": 293.947, "max": 460.8339}, "Rural population": {"count": 31.0, "mean": 1602518.6451612904, "std": 308753.7499146689, "min": 1114672.0, "25%": 1317910.5, "50%": 1640246.0, "75%": 1849172.0, "max": 2086075.0}, "Urban population": {"count": 31.0, "mean": 1447305.2258064516, "std": 204779.63795076724, "min": 1195379.0, "25%": 1249228.0, "50%": 1438933.0, "75%": 1601598.0, "max": 1827362.0}, "Total Population - Male": {"count": 31.0, "mean": 1532883.8387096773, "std": 87619.8426484537, "min": 1433767.0, "25%": 1449240.0, "50%": 1508427.0, "75%": 1613706.5, "max": 1676902.0}, "Total Population - Female": {"count": 31.0, "mean": 1531393.0322580645, "std": 84459.98945831644, "min": 1433082.0, "25%": 1440363.5, "50%": 1524207.0, "75%": 1621860.5, "max": 1639462.0}, "total_emission": {"count": 31.0, "mean": 3696.333039769122, "std": 1061.3240167847282, "min": 2074.201015987701, "25%": 2832.516293748088, "50%": 3516.550615987701, "75%": 4469.050046564465, "max": 5680.135772471558}, "average_temperature": {"count": 31.0, "mean": 0.8866935483870968, "std": 0.5951742813489268, "min": -0.4615, "25%": 0.46562499999999996, "50%": 1.0385, "75%": 1.2589166666666665, "max": 1.9905833333333331}}}