models,training_r2,testing_r2
AdaBoost Regressor,0.9656567425942147,0.9470009239872339
GradientBoosting Regressor,0.9985410525691826,0.9916845015845912
Random Forest Regressor,0.9990358626151935,0.9916989132756809
Linear Regression,0.9978179962034571,0.9968525877053719
K-Neighbors Regressor,0.996539622414599,0.9912764770668465
Decision Tree Regressor,1.0,0.9867527252098008
XGBoost Regressor,0.9999756293095522,0.9867816678595229
